epoch,train_loss,val_loss,val_acc,val_auc_macro,val_prec_macro,val_rec_macro,val_f1_macro,prec_class_0,prec_class_1,prec_class_2,prec_class_3,prec_class_4,prec_class_5,prec_class_6,prec_class_7,prec_class_8,prec_class_9,prec_class_10,rec_class_0,rec_class_1,rec_class_2,rec_class_3,rec_class_4,rec_class_5,rec_class_6,rec_class_7,rec_class_8,rec_class_9,rec_class_10,f1_class_0,f1_class_1,f1_class_2,f1_class_3,f1_class_4,f1_class_5,f1_class_6,f1_class_7,f1_class_8,f1_class_9,f1_class_10,auc_class_0,auc_class_1,auc_class_2,auc_class_3,auc_class_4,auc_class_5,auc_class_6,auc_class_7,auc_class_8,auc_class_9,auc_class_10
1,1.3570189392963554,1.4841202131907145,0.5760869565217391,0.9239715132218401,0.47465899645306797,0.46535000182130654,0.42189025614690673,0.9834254143646409,0.5652173913043478,0.0,0.0,0.33126934984520123,0.16753926701570682,0.48916761687571264,0.7346491228070176,0.9553571428571429,0.3333333333333333,0.6612903225806451,0.9319371727748691,0.38235294117647056,0.0,0.0,0.8106060606060606,0.20382165605095542,1.0,0.9654178674351584,0.6079545454545454,0.01675977653631285,0.2,0.956989247311828,0.45614035087719296,0.0,0.0,0.4703296703296703,0.1839080459770115,0.6569678407350689,0.8343711083437111,0.7430555555555556,0.031914893617021274,0.30711610486891383,0.9960370226765084,0.9676984330850243,0.9452399099883856,0.660689904606899,0.9386732367927059,0.9270237535445076,0.9823470806659803,0.9841970646054551,0.9756280637254902,0.8560284959116647,0.9301236798376213
2,1.0606386385922368,1.203208094437917,0.6153846153846154,0.9445030149492252,0.5827103046192886,0.5316185535342757,0.4692762682883456,0.9723756906077348,0.367816091954023,0.0,1.0,0.3829787234042553,0.21343283582089553,0.7175732217573222,0.9776357827476039,0.914364640883978,0.8636363636363636,0.0,0.9214659685863874,0.9411764705882353,0.0,0.10396039603960396,0.13636363636363635,0.910828025477707,0.7995337995337995,0.8818443804034583,0.9403409090909091,0.2122905027932961,0.0,0.946236559139785,0.5289256198347108,0.0,0.18834080717488788,0.2011173184357542,0.34582829504232165,0.7563395810363837,0.9272727272727272,0.927170868347339,0.34080717488789236,0.0,0.996783946373733,0.9750064217826868,0.9668762703252032,0.990270807902708,0.9668711450791095,0.9392439333703815,0.9556551446515786,0.9987570724970583,0.9803503787878788,0.8696806832152314,0.7500373604559091
3,0.9848359069533178,0.6277731237808863,0.7449832775919732,0.9770714583483051,0.6035691898891655,0.6280176862897515,0.595877800232448,0.9881656804733728,0.5027624309392266,0.0,0.7432950191570882,0.0,0.618421052631579,0.7205387205387206,1.0,0.9821958456973294,0.7475728155339806,0.33630952380952384,0.8743455497382199,0.8921568627450981,0.0,0.9603960396039604,0.0,0.29936305732484075,0.9976689976689976,0.962536023054755,0.9403409090909091,0.4301675977653631,0.551219512195122,0.9277777777777778,0.6431095406360424,0.0,0.838012958963283,0.0,0.4034334763948498,0.8367546432062561,0.9809104258443465,0.9608127721335269,0.5460992907801419,0.4177449168207024,0.9990247174654072,0.978311499272198,0.9817118539488966,0.9967697454676975,0.9586484312148029,0.9715840921073255,0.9982662947512667,0.999852032440126,0.9890833890374332,0.9600481663708862,0.9144858197553168
4,0.9348823301742168,0.9469090549151102,0.6262541806020067,0.9648014446724694,0.6349794109654268,0.5572445228576474,0.49803390863104985,1.0,0.4552238805970149,0.5,1.0,0.26535087719298245,0.4782608695652174,0.8780487804878049,0.9848024316109423,0.9969135802469136,0.35070140280561124,0.07547169811320754,0.8638743455497382,0.5980392156862745,0.0625,0.07920792079207921,0.9166666666666666,0.07006369426751592,0.6713286713286714,0.9337175792507204,0.9176136363636364,0.9776536312849162,0.03902439024390244,0.9269662921348315,0.5169491525423728,0.1111111111111111,0.14678899082568808,0.41156462585034015,0.12222222222222222,0.760898282694848,0.9585798816568047,0.9556213017751479,0.5162241887905604,0.05144694533762058,0.9914912545701502,0.974693895025259,0.981194650116144,0.9891789863917899,0.9370172968624296,0.9721740121688824,0.9794674674959952,0.9966939819479577,0.9898437499999999,0.980453238481598,0.8206073583369579
5,0.8813551572115883,0.7206591835618019,0.737876254180602,0.97788745991252,0.7434351955607483,0.6507707896250648,0.6035447668164525,0.98125,0.75,0.4846938775510204,0.7844827586206896,0.42857142857142855,0.5060728744939271,0.5974930362116991,0.9585987261146497,0.9610778443113772,0.8164556962025317,0.9090909090909091,0.8219895287958116,0.029411764705882353,0.9895833333333334,0.900990099009901,0.022727272727272728,0.7961783439490446,1.0,0.8674351585014409,0.9119318181818182,0.7206703910614525,0.0975609756097561,0.8945868945868946,0.05660377358490566,0.6506849315068494,0.8387096774193549,0.04316546762589928,0.6188118811881188,0.7480383609415867,0.9107413010590015,0.9358600583090378,0.7655786350148368,0.1762114537444934,0.9982659000787362,0.9814496104118504,0.9786857578397212,0.9907997649079977,0.9879759989273263,0.9710825175622337,0.9939023448957224,0.9982018418438168,0.9857105057932264,0.9808041360472778,0.8898836807298113
6,0.8224336337367056,0.5794181490937869,0.7767558528428093,0.9836864040477675,0.7903024340265592,0.6925773807086052,0.6981062909067435,0.9798657718120806,0.6015625,0.7,0.9865771812080537,0.7692307692307693,0.5362903225806451,0.6217391304347826,1.0,1.0,0.8073394495412844,0.6907216494845361,0.7643979057591623,0.7549019607843137,0.4375,0.7277227722772277,0.07575757575757576,0.8471337579617835,1.0,0.9423631123919308,0.9232954545454546,0.49162011173184356,0.6536585365853659,0.8588235294117647,0.6695652173913044,0.5384615384615384,0.8376068376068376,0.13793103448275862,0.6567901234567901,0.7667560321715817,0.9703264094955489,0.9601181683899557,0.6111111111111112,0.6716791979949874,0.9957920126739155,0.9844293175785599,0.9836627105110337,0.9936253899362539,0.9801622418879056,0.9779364197266989,0.9929642441104489,0.9999901354960083,0.9951774175579322,0.9889530377883861,0.9278575172583001
7,0.7290499169384066,0.47249296262860296,0.846989966555184,0.9893537126426998,0.7605205870703716,0.7763812055457475,0.7562378322444882,0.9835164835164835,0.0,0.49696969696969695,1.0,0.6761363636363636,0.7682119205298014,0.7715827338129496,0.9941690962099126,1.0,0.8402777777777778,0.8348623853211009,0.93717277486911,0.0,0.8541666666666666,0.6188118811881188,0.9015151515151515,0.7388535031847133,1.0,0.9827089337175793,0.9431818181818182,0.6759776536312849,0.8878048780487805,0.9597855227882037,0.0,0.6283524904214559,0.764525993883792,0.7727272727272727,0.7532467532467533,0.8710659898477158,0.9884057971014493,0.9707602339181286,0.7492260061919505,0.8605200945626478,0.9998953355328729,0.9825498758455348,0.9804551393728222,0.9981350874813508,0.9928197908286404,0.9905954772795281,0.9960136653972619,0.9998111652093037,0.9793602384135472,0.9698505782236506,0.9934044854851841
8,0.7026634263345551,0.42348722969492275,0.830267558528428,0.9903434530840717,0.847835566154214,0.7597977442976521,0.7278220443028485,0.984375,0.9047619047619048,0.5310734463276836,0.9942857142857143,0.4482758620689655,0.9285714285714286,0.8626262626262626,0.980225988700565,0.9970149253731343,1.0,0.694980694980695,0.9895287958115183,0.18627450980392157,0.9791666666666666,0.8613861386138614,0.9848484848484849,0.16560509554140126,0.9953379953379954,1.0,0.9488636363636364,0.3687150837988827,0.8780487804878049,0.9869451697127938,0.3089430894308943,0.6886446886446886,0.9230769230769231,0.6161137440758294,0.2810810810810811,0.9242424242424242,0.9900142653352354,0.9723435225618632,0.5387755102040817,0.7758620689655172,0.9998311096098632,0.9851913691240689,0.9824014590592335,0.9994258329942582,0.9832026012335746,0.9798914205104091,0.9973863799640672,1.0,0.9912837009803921,0.9925528933902511,0.9826112170586726
9,0.6541368882510576,0.5501624230047067,0.810200668896321,0.9866580447634853,0.8168004899522139,0.7323391261957773,0.7369392146340769,0.9835164835164835,0.7142857142857143,0.5578231292517006,1.0,0.7755102040816326,0.6059322033898306,0.6651162790697674,1.0,1.0,0.896551724137931,0.7860696517412935,0.93717277486911,0.3431372549019608,0.8541666666666666,0.5643564356435643,0.2878787878787879,0.910828025477707,1.0,1.0,0.9517045454545454,0.43575418994413406,0.7707317073170732,0.9597855227882037,0.46357615894039733,0.6748971193415638,0.7215189873417721,0.4198895027624309,0.727735368956743,0.7988826815642458,1.0,0.975254730713246,0.5864661654135338,0.7783251231527094,0.9993720131972378,0.9867668464765819,0.9840937137049942,0.9905963199059631,0.9921862429605792,0.9900825033129568,0.9906599598397867,1.0,0.9889051359180034,0.9479712314484999,0.9826045256337337
10,0.6421697154622777,1.824345112144947,0.5936454849498328,0.9262302692182949,0.6911588516583036,0.4894275553611445,0.5046719970396355,1.0,0.8701298701298701,0.8923076923076924,0.7932960893854749,0.8,0.24489795918367346,0.38381937911571024,0.9896907216494846,0.7990430622009569,0.13725490196078433,0.6923076923076923,0.3612565445026178,0.6568627450980392,0.6041666666666666,0.7029702970297029,0.09090909090909091,0.07643312101910828,0.951048951048951,0.829971181556196,0.9488636363636364,0.11731843575418995,0.04390243902439024,0.5307692307692308,0.7486033519553073,0.7204968944099379,0.7454068241469817,0.16326530612244897,0.11650485436893204,0.546916890080429,0.9028213166144201,0.8675324675324675,0.12650602409638553,0.08256880733944955,0.9862627886895771,0.9853412107200958,0.9794842479674797,0.9876960983769609,0.9222646822204345,0.8679946992690122,0.896757852437934,0.9975719228032102,0.981029968805704,0.8107702832677399,0.7733592068430972
11,0.626740282665566,0.44379677876830104,0.8515886287625418,0.9891155910717199,0.8141680476392867,0.790997048800008,0.7774772310268119,1.0,0.532051282051282,0.5263157894736842,0.9390862944162437,0.6739130434782609,0.7527472527472527,0.8349705304518664,1.0,0.907859078590786,0.979381443298969,0.8095238095238095,0.9424083769633508,0.8137254901960784,0.10416666666666667,0.9158415841584159,0.9393939393939394,0.8726114649681529,0.9906759906759907,0.8933717579250721,0.9517045454545454,0.5307262569832403,0.7463414634146341,0.9703504043126685,0.6434108527131783,0.17391304347826086,0.9273182957393483,0.7848101265822784,0.8082595870206489,0.906183368869936,0.943683409436834,0.9292649098474342,0.6884057971014492,0.7766497461928934,0.9998358670856418,0.9809401489853583,0.9791349085365854,0.9984560784845607,0.9912375972110485,0.9969221562005728,0.9942122743956672,0.9999661788434574,0.9845184380570409,0.9732106117482524,0.9818372422407351
12,0.6054050755375852,0.5441268139580886,0.7867892976588629,0.9893454691766072,0.8203787759756885,0.6677692326068212,0.6482713790820319,1.0,0.8260869565217391,0.5645161290322581,0.993421052631579,0.8333333333333334,0.38106796116504854,0.7915129151291513,1.0,1.0,1.0,0.6342281879194631,0.93717277486911,0.18627450980392157,0.3645833333333333,0.7475247524752475,0.03787878787878788,1.0,1.0,1.0,0.9545454545454546,0.19553072625698323,0.9219512195121952,0.9675675675675676,0.304,0.4430379746835443,0.8531073446327684,0.07246376811594203,0.5518453427065027,0.8836251287332647,1.0,0.9767441860465116,0.32710280373831774,0.7514910536779325,0.9996598404818371,0.982331535234181,0.9783636396631823,0.9971675934716759,0.9723384285331188,0.993784465438379,0.9944711427136287,1.0,0.9950325868983958,0.9850300534929454,0.9846208750153345
13,0.586573093973385,0.3312854778766632,0.8900501672240803,0.9928514001990923,0.7944000644125547,0.8274369323388601,0.8023993332767083,1.0,0.5125628140703518,0.0,0.9886363636363636,0.8461538461538461,0.813953488372093,0.9069767441860465,0.9719101123595506,1.0,0.8580246913580247,0.8401826484018264,0.8952879581151832,1.0,0.0,0.8613861386138614,0.8333333333333334,0.89171974522293,1.0,0.9971181556195965,0.9488636363636364,0.776536312849162,0.8975609756097561,0.9447513812154696,0.6777408637873754,0.0,0.9206349206349206,0.8396946564885496,0.851063829787234,0.9512195121951219,0.984352773826458,0.9737609329446064,0.8152492668621701,0.8679245283018868,0.9995171162084822,0.9832519907526329,0.9829095891405343,0.999398706993987,0.9965372754089569,0.9932828908932871,0.999899065105382,0.9999055826046518,0.9880305815508021,0.9866734658329273,0.991959137698373
14,0.5770448788118568,0.5728919436534246,0.8131270903010034,0.9847936588244521,0.7551696943879725,0.7094036402211324,0.6984423872556372,1.0,0.6111111111111112,0.5,0.927461139896373,0.4782608695652174,0.5307262569832403,0.8262548262548263,0.9747191011235955,1.0,0.75,0.7083333333333334,0.8219895287958116,0.3235294117647059,0.020833333333333332,0.8861386138613861,0.9166666666666666,0.6050955414012739,0.9976689976689976,1.0,0.9488636363636364,0.5363128491620112,0.7463414634146341,0.9022988505747126,0.4230769230769231,0.04,0.9063291139240506,0.6285714285714286,0.5654761904761905,0.9039070749736009,0.9871977240398293,0.9737609329446064,0.6254071661237784,0.7268408551068883,0.9957848764602478,0.9820917886805377,0.9779008783391405,0.9971133414711334,0.9897961920085814,0.9812394021003435,0.9986866589006171,1.0,0.9885249554367201,0.9485139866759904,0.9730781669956617
15,0.5523555567890002,0.3360378188391527,0.9009197324414716,0.994643690345105,0.8912118681376063,0.8650340912126085,0.8553268825034016,1.0,0.5689655172413793,0.8888888888888888,0.9095022624434389,0.8928571428571429,0.8901734104046243,0.8861283643892339,0.9556962025316456,0.9939759036144579,0.96,0.8571428571428571,0.9424083769633508,0.9705882352941176,0.25,0.995049504950495,0.946969696969697,0.9808917197452229,0.9976689976689976,0.8703170028818443,0.9375,0.8044692737430168,0.8195121951219512,0.9703504043126685,0.717391304347826,0.3902439024390244,0.950354609929078,0.9191176470588235,0.9333333333333333,0.9385964912280702,0.9110105580693816,0.9649122807017544,0.8753799392097265,0.8379052369077307,0.9999928637863322,0.9909495675999658,0.9916430749128919,0.9997897734978978,0.9986558058460713,0.9990680972940624,0.9995333245460603,0.996636204138864,0.9829726492869876,0.9972205883466665,0.9846186445403549
16,0.5349070134534789,0.3854737436274687,0.8662207357859532,0.9920068030658323,0.7630916489555798,0.7884487675387004,0.7679263577149643,0.9791666666666666,0.0,0.4748201438848921,0.9834254143646409,0.5670731707317073,0.7823834196891192,0.8773006134969326,1.0,1.0,1.0,0.7298387096774194,0.9842931937172775,0.0,0.6875,0.8811881188118812,0.7045454545454546,0.9617834394904459,1.0,0.968299711815562,0.9431818181818182,0.659217877094972,0.8829268292682927,0.9817232375979112,0.0,0.5617021276595745,0.9295039164490861,0.6283783783783784,0.8628571428571429,0.934640522875817,0.9838945827232797,0.9707602339181286,0.7946127946127947,0.7991169977924945,0.9999476677664364,0.9819847589690899,0.9786131678281069,0.9992427324924273,0.9800013408420488,0.9966827683495063,0.9999786255517279,1.0,0.9885555926916221,0.9975714859123462,0.9894966933208427
17,0.5319773196237008,0.23656104654073715,0.9322742474916388,0.9973120705660489,0.9233798541204087,0.9094644441561875,0.9098310704647316,1.0,0.9701492537313433,0.7121212121212122,0.994475138121547,0.8333333333333334,0.9235668789808917,0.9127659574468086,0.9558011049723757,0.9970326409495549,0.9122807017543859,0.9456521739130435,0.9162303664921466,0.6372549019607843,0.9791666666666666,0.8910891089108911,0.9848484848484849,0.9235668789808917,1.0,0.9971181556195965,0.9545454545454546,0.8715083798882681,0.848780487804878,0.9562841530054644,0.7692307692307693,0.8245614035087719,0.9399477806788512,0.9027777777777778,0.9235668789808917,0.9543937708565072,0.9760225669957687,0.9753265602322206,0.8914285714285715,0.8946015424164524,0.9995123587327036,0.9950509461426492,0.9954540505226481,0.9996541434965415,0.9991116921426656,0.9987802619017085,0.9996033852376185,0.9999534959097539,0.9985238413547237,0.9873045765625671,0.9974840242229583
18,0.5155147806214199,0.5928848256667455,0.802257525083612,0.976265317634347,0.7846211486580187,0.6817477674991096,0.6617023944335002,0.9940476190476191,0.5625,1.0,0.9617224880382775,0.6666666666666666,0.4968152866242038,0.9449339207048458,0.9692737430167597,1.0,0.6141078838174274,0.4207650273224044,0.8743455497382199,0.5294117647058824,0.052083333333333336,0.995049504950495,0.030303030303030304,0.4968152866242038,1.0,1.0,0.9431818181818182,0.8268156424581006,0.751219512195122,0.9303621169916435,0.5454545454545454,0.09900990099009901,0.9781021897810219,0.057971014492753624,0.4968152866242038,0.9716874292185731,0.9843971631205674,0.9707602339181286,0.7047619047619048,0.5394045534150613,0.995256796648834,0.9835902046408084,0.9809541957026713,0.9998847144988472,0.9104552158755699,0.9596203992647373,0.9998278169444751,1.0,0.9956035539215686,0.9722487989962815,0.9414767974840242
19,0.5147846463318965,0.2486018885175387,0.9172240802675585,0.9957446940568508,0.8761931092750879,0.8678068722088912,0.8639841353575766,1.0,0.6153846153846154,0.7142857142857143,0.97,0.777027027027027,0.7878787878787878,0.9618834080717489,0.9971264367816092,1.0,0.9358974358974359,0.8786407766990292,0.9214659685863874,0.7843137254901961,0.3645833333333333,0.9603960396039604,0.8712121212121212,0.9936305732484076,1.0,1.0,0.9517045454545454,0.8156424581005587,0.8829268292682927,0.9591280653950953,0.6896551724137931,0.4827586206896552,0.9651741293532339,0.8214285714285714,0.8788732394366198,0.9805714285714285,0.9985611510791367,0.975254730713246,0.8716417910447761,0.8807785888077859,0.999942910290658,0.9891129377515198,0.9861489184088269,0.9994303539943036,0.9949986591579513,0.9993131848558685,0.9999964375919547,1.0,0.9904007909982174,0.9977128547157855,0.9961345868602719
20,0.4901842901761082,0.5200974347690741,0.8285953177257525,0.9918973859027553,0.8733589261352861,0.7846873973005489,0.799455636038281,0.9894179894179894,0.9052631578947369,0.8514851485148515,0.9696969696969697,0.6739130434782609,0.9753086419753086,0.6539634146341463,0.9942196531791907,1.0,0.9831932773109243,0.6104868913857678,0.9790575916230366,0.8431372549019608,0.8958333333333334,0.31683168316831684,0.7045454545454546,0.5031847133757962,1.0,0.9913544668587896,0.9488636363636364,0.6536312849162011,0.7951219512195122,0.9842105263157894,0.8730964467005076,0.8730964467005076,0.47761194029850745,0.6888888888888889,0.6638655462184874,0.7907834101382488,0.9927849927849928,0.9737609329446064,0.785234899328859,0.690677966101695,0.9999571827179935,0.9975896908981934,0.9966245644599303,0.9902301189023012,0.979642665593993,0.9940181535787059,0.9984527274389731,0.9999788617771609,0.995248440285205,0.990538387941241,0.968590451336612
21,0.48075704258187923,0.27041683609286943,0.9180602006688964,0.9966471035674406,0.9099953396753091,0.8838317956203553,0.887367812478945,0.9940119760479041,0.9655172413793104,0.7203389830508474,1.0,0.7914110429447853,0.9923664122137404,0.89375,1.0,1.0,0.7354260089686099,0.9171270718232044,0.8691099476439791,0.5490196078431373,0.8854166666666666,0.9356435643564357,0.9772727272727273,0.8280254777070064,1.0,1.0,0.9517045454545454,0.9162011173184358,0.8097560975609757,0.9273743016759777,0.7,0.794392523364486,0.9667519181585678,0.8745762711864407,0.9027777777777778,0.9438943894389439,1.0,0.975254730713246,0.8159203980099502,0.8601036269430051,0.9977235478399871,0.9928033222022433,0.9935621733449477,0.999421311994213,0.9988032984714401,0.9992789865914304,0.9999216270230025,1.0,0.9981673351158645,0.9889101222587705,0.9945264143999465
22,0.4769120490966243,0.20340220004320145,0.9414715719063546,0.9981601604700908,0.9255846815390164,0.9131274743672587,0.9109735503472688,0.9947368421052631,1.0,0.7272727272727273,0.99,0.8571428571428571,0.7323943661971831,0.9772209567198178,1.0,1.0,0.9814814814814815,0.9211822660098522,0.9895287958115183,0.6470588235294118,1.0,0.9801980198019802,0.6818181818181818,0.9936305732484076,1.0,1.0,0.9517045454545454,0.888268156424581,0.9121951219512195,0.9921259842519685,0.7857142857142857,0.8421052631578947,0.9850746268656716,0.759493670886076,0.8432432432432433,0.988479262672811,1.0,0.975254730713246,0.9325513196480938,0.9166666666666666,0.9998739268918697,0.9968147957873106,0.9984438516260163,0.9999796554997966,0.9957729954411371,0.999501275310278,0.9999988125306516,1.0,0.9928517713903743,0.9987529251982319,0.9977717554953328
23,0.4661129372683612,0.5484343563516935,0.8398829431438127,0.9885212607884729,0.84050734145595,0.7586542197904176,0.7586395500247978,1.0,0.6792452830188679,0.8709677419354839,0.8893805309734514,0.3688760806916426,0.6342857142857142,0.9127659574468086,1.0,1.0,0.9416058394160584,0.9484536082474226,0.9267015706806283,0.35294117647058826,0.28125,0.995049504950495,0.9696969696969697,0.7070063694267515,1.0,0.9942363112391931,0.9488636363636364,0.7206703910614525,0.44878048780487806,0.9619565217391305,0.4645161290322581,0.4251968503937008,0.9392523364485982,0.534446764091858,0.6686746987951807,0.9543937708565072,0.9971098265895953,0.9737609329446064,0.8164556962025317,0.609271523178808,0.9999714551453289,0.982181693638154,0.9846336019163763,0.999547899995479,0.9742826495038884,0.9855911312500891,0.9996971953161458,1.0,0.9964070855614974,0.9823667662138658,0.9690543901323787
24,0.4623528698002219,0.2427497228483359,0.9414715719063546,0.9985878200110361,0.9459230762772922,0.9264668292405479,0.9332754976206261,0.9895287958115183,0.8899082568807339,0.9438202247191011,0.9611111111111111,0.975609756097561,0.9281437125748503,0.8631790744466801,1.0,1.0,0.9850746268656716,0.8687782805429864,0.9895287958115183,0.9509803921568627,0.875,0.8564356435643564,0.9090909090909091,0.9872611464968153,1.0,0.9971181556195965,0.9517045454545454,0.7374301675977654,0.9365853658536586,0.9895287958115183,0.919431279620853,0.9081081081081082,0.9057591623036649,0.9411764705882353,0.9567901234567902,0.9265658747300216,0.9985569985569985,0.975254730713246,0.8434504792332268,0.9014084507042254,0.9999833488347752,0.9990324514085109,0.9990744773519165,0.998318187983182,0.9999631268436578,0.9998375582439192,0.9999584385728043,1.0,0.9949894162210339,0.9961729445354646,0.9971360701261335
25,0.4521488827433892,0.2631815733512243,0.907608695652174,0.9975678935402533,0.916208563208766,0.8789433934235535,0.888344596112675,1.0,0.7391304347826086,1.0,0.9631578947368421,0.9212598425196851,1.0,0.8234165067178503,1.0,1.0,0.8854961832061069,0.7458333333333333,0.9109947643979057,1.0,0.625,0.905940594059406,0.8863636363636364,0.9044585987261147,1.0,0.9740634005763689,0.9403409090909091,0.6480446927374302,0.8731707317073171,0.9534246575342465,0.85,0.7692307692307693,0.9336734693877551,0.9034749034749034,0.9498327759197325,0.9031578947368422,0.9868613138686131,0.9692532942898975,0.7483870967741936,0.8044943820224719,0.999952425242215,0.9992764791506122,0.9994737224157956,0.9992223879922238,0.9979652721909359,0.999874606363727,0.9999940626532577,0.9999943631405762,0.9972788547237076,0.9915633117661761,0.9886513433035564
26,0.446599846078788,0.3007513213157654,0.9289297658862876,0.9946466631088456,0.9301155407081798,0.9129009119245745,0.9167312392571475,0.9894179894179894,0.9393939393939394,0.9081632653061225,0.9052132701421801,0.84,0.9671052631578947,0.852882703777336,1.0,1.0,0.9553571428571429,0.8737373737373737,0.9790575916230366,0.9117647058823529,0.9270833333333334,0.9455445544554455,0.9545454545454546,0.9363057324840764,1.0,0.9942363112391931,0.9517045454545454,0.5977653631284916,0.8439024390243902,0.9842105263157894,0.9253731343283582,0.9175257731958762,0.9249394673123487,0.8936170212765957,0.9514563106796117,0.9206008583690987,0.9971098265895953,0.975254730713246,0.7353951890034365,0.858560794044665,0.999961940193772,0.9987841424779519,0.9990381823461092,0.9984312129843123,0.9986088763743631,0.9990281993188845,0.9980430505137585,1.0,0.9992563502673797,0.9559055555415309,0.9940557841792409
27,0.4465956975293659,0.5241102359692256,0.8419732441471572,0.9867709610772623,0.830095977052606,0.7691760643834358,0.7382087566681068,0.9064039408866995,1.0,0.5128205128205128,0.6340694006309149,0.7058823529411765,0.8387096774193549,0.8863636363636364,1.0,1.0,0.8641975308641975,0.782608695652174,0.9633507853403142,0.00980392156862745,0.8333333333333334,0.995049504950495,0.9090909090909091,0.6624203821656051,1.0,1.0,0.9545454545454546,0.7821229050279329,0.35121951219512193,0.934010152284264,0.019417475728155338,0.6349206349206349,0.7745664739884393,0.7947019867549668,0.7402135231316725,0.9397590361445783,1.0,0.9767441860465116,0.8211143695014663,0.48484848484848486,0.9987249964913616,0.989763678397123,0.9860536440185831,0.9989850354898504,0.992729283990346,0.9847019763746989,0.9997613186609621,1.0,0.9992090017825311,0.9782822175716374,0.9262694190727916
28,0.4349466741323912,0.28316937148571014,0.9255852842809364,0.9954694712650873,0.9288834178816147,0.903608503870106,0.9123182714995235,1.0,0.975,0.7966101694915254,0.9895833333333334,0.9914529914529915,0.9207317073170732,0.8346303501945526,1.0,1.0,0.832258064516129,0.8774509803921569,0.8691099476439791,0.7647058823529411,0.9791666666666666,0.9405940594059405,0.8787878787878788,0.9617834394904459,1.0,1.0,0.9517045454545454,0.7206703910614525,0.8731707317073171,0.9299719887955182,0.8571428571428571,0.8785046728971962,0.9644670050761421,0.9317269076305221,0.940809968847352,0.9098621420996819,1.0,0.975254730713246,0.7724550898203593,0.8753056234718827,0.9988843719299415,0.9987156434626252,0.9984529253774681,0.9992992449929926,0.9992524805577904,0.9989826016329671,0.9997625061303106,1.0,0.9993050913547238,0.9662683937222154,0.9912409247549265
29,0.3715069441517537,0.16473438024520873,0.9627926421404682,0.9987326784712276,0.9549342560890008,0.9574569441664701,0.9547809692732616,1.0,0.9428571428571428,0.9578947368421052,1.0,0.8089171974522293,0.9289940828402367,0.9575892857142857,1.0,1.0,0.9868421052631579,0.9211822660098522,0.9738219895287958,0.9705882352941176,0.9479166666666666,0.9900990099009901,0.9621212121212122,1.0,1.0,0.9855907780979827,0.9517045454545454,0.8379888268156425,0.9121951219512195,0.986737400530504,0.9565217391304348,0.9528795811518325,0.9950248756218906,0.8788927335640139,0.9631901840490797,0.9783352337514253,0.9927431059506531,0.975254730713246,0.9063444108761329,0.9166666666666666,0.999990485048443,0.9997816593886463,0.999777693089431,0.9999954789999548,0.9978077232502011,0.9999515524587127,1.0,0.9999943631405762,0.9925983177361853,0.9991644093939569,0.9969977806773952
30,0.3588776762623675,0.1615831548968951,0.9611204013377926,0.9990411871770616,0.9664380451369364,0.9570421423559633,0.9602009628188509,1.0,0.9902912621359223,1.0,0.9786096256684492,0.9552238805970149,0.9873417721518988,0.9186295503211992,0.9971264367816092,1.0,0.9391891891891891,0.864406779661017,0.9424083769633508,1.0,0.9895833333333334,0.905940594059406,0.9696969696969697,0.9936305732484076,1.0,1.0,0.9545454545454546,0.776536312849162,0.9951219512195122,0.9703504043126685,0.9951219512195122,0.9947643979057592,0.9408740359897172,0.9624060150375939,0.9904761904761905,0.9575892857142857,0.9985611510791367,0.9767441860465116,0.8501529051987767,0.9251700680272109,0.9998620332024235,0.9999785940577104,0.9999818524970964,0.9994348749943488,0.9996949584338966,0.9999971501446301,0.9999525012260622,1.0,0.9942736185383244,0.9970514506711231,0.9992260251820624
31,0.36742660337105926,0.16691696678598722,0.9602842809364549,0.9992823950027567,0.9649395189866522,0.953276232497316,0.9579281119624699,0.9946524064171123,0.98,0.9591836734693877,0.9946808510638298,0.9669421487603306,0.9457831325301205,0.9050632911392406,1.0,1.0,0.9935897435897436,0.874439461883408,0.9738219895287958,0.9607843137254902,0.9791666666666666,0.9257425742574258,0.8863636363636364,1.0,1.0,0.9884726224783862,0.9545454545454546,0.8659217877094972,0.9512195121951219,0.9841269841269841,0.9702970297029703,0.9690721649484536,0.958974358974359,0.924901185770751,0.9721362229102167,0.9501661129568106,0.9942028985507246,0.9767441860465116,0.9253731343283582,0.9112149532710281,0.9997811561141889,0.9998330336501412,0.999818524970964,0.9996948324969483,0.9995273531777957,0.9999088046281652,1.0,0.999997181570288,0.9973443070409982,0.9981773522128005,0.9980237991680327
32,0.34764141941261645,0.1753681773940722,0.9569397993311036,0.9985117176947249,0.9565475542808914,0.9506825392234013,0.952468055496338,1.0,0.9896907216494846,0.9405940594059405,0.9383886255924171,0.8835616438356164,0.9873417721518988,0.910828025477707,1.0,1.0,0.9245283018867925,0.9470899470899471,0.9267015706806283,0.9411764705882353,0.9895833333333334,0.9801980198019802,0.9772727272727273,0.9936305732484076,1.0,1.0,0.9545454545454546,0.8212290502793296,0.8731707317073171,0.9619565217391305,0.964824120603015,0.9644670050761421,0.9588377723970944,0.9280575539568345,0.9904761904761905,0.9533333333333334,1.0,0.9767441860465116,0.8698224852071006,0.9086294416243654,0.9992768636816678,0.9998844079116362,0.9998548199767712,0.9997377819973778,0.9988133547868062,0.999945852747973,0.9999774380823796,1.0,0.9981213792335116,0.9916794361404296,0.9963375600834198
33,0.3545354122132908,0.15968708018461863,0.9619565217391305,0.999172897104359,0.9656686268837693,0.9594297576460302,0.9619043443643338,1.0,0.9897959183673469,0.95,0.975609756097561,0.9609375,0.9872611464968153,0.9088983050847458,1.0,1.0,0.9411764705882353,0.908675799086758,0.9424083769633508,0.9509803921568627,0.9895833333333334,0.9900990099009901,0.9318181818181818,0.9872611464968153,1.0,0.9481268011527377,0.9488636363636364,0.8938547486033519,0.9707317073170731,0.9703504043126685,0.97,0.9693877551020408,0.9828009828009828,0.9461538461538461,0.9872611464968153,0.9522752497225305,0.9733727810650887,0.9737609329446064,0.9169054441260746,0.9386792452830188,0.9993339533910098,0.9999743128692524,0.9999591681184669,0.9999570504995705,0.9995374094931616,0.9999743513016713,1.0,0.9999957723554322,0.9974139371657754,0.9956882514951012,0.9990676614585076
34,0.35264537824287956,0.16896793633699417,0.947742474916388,0.9986875731721814,0.9458011508991756,0.9372392046906751,0.9396737444825919,0.9887640449438202,0.9888888888888889,0.8796296296296297,0.8863636363636364,0.9130434782608695,0.96875,0.9031578947368422,1.0,1.0,0.8982035928143712,0.9770114942528736,0.9214659685863874,0.8725490196078431,0.9895833333333334,0.9653465346534653,0.9545454545454546,0.9872611464968153,1.0,0.9942363112391931,0.9573863636363636,0.8379888268156425,0.8292682926829268,0.9539295392953929,0.9270833333333334,0.9313725490196079,0.9241706161137441,0.9333333333333333,0.9779179810725552,0.9491150442477876,0.9971098265895953,0.9782293178519593,0.8670520231213873,0.8970976253298153,0.9993886643624627,0.9998458772155151,0.9998003774680605,0.9989533884895339,0.9992524805577904,0.9999430028926032,0.9999952501226061,0.9999985907851441,0.9988831327985739,0.9913159163601573,0.998186623841547
35,0.33775808305724186,0.14052951330939928,0.9586120401337793,0.9993520918846376,0.9583036164900546,0.9481523204576203,0.9515374525466375,1.0,0.9886363636363636,0.8636363636363636,1.0,0.9338235294117647,0.9451219512195121,0.9012605042016807,0.9971264367816092,1.0,0.9754601226993865,0.9362745098039216,0.9685863874345549,0.8529411764705882,0.9895833333333334,0.8861386138613861,0.9621212121212122,0.9872611464968153,1.0,1.0,0.9630681818181818,0.888268156424581,0.9317073170731708,0.9840425531914894,0.9157894736842105,0.9223300970873787,0.9396325459317585,0.9477611940298507,0.9657320872274143,0.9480662983425414,0.9985611510791367,0.9811866859623734,0.9298245614035088,0.9339853300733496,0.9997573687352964,0.9997987841424779,0.9998003774680604,0.9999299244992993,0.9988703405738805,0.9997463628720842,0.9999964375919547,1.0,0.9976492869875223,0.9990482850197032,0.9982758428407329
36,0.34133391464462115,0.14562045365571977,0.9732441471571907,0.9989176858460361,0.9731581566625057,0.9709620360135005,0.9714242011994546,1.0,0.9805825242718447,0.9894736842105263,1.0,0.8707482993197279,0.9691358024691358,0.934640522875817,1.0,1.0,0.9700598802395209,0.9900990099009901,0.9685863874345549,0.9901960784313726,0.9791666666666666,0.9405940594059405,0.9696969696969697,1.0,1.0,1.0,0.9517045454545454,0.9050279329608939,0.975609756097561,0.9840425531914894,0.9853658536585366,0.9842931937172775,0.9693877551020408,0.9175627240143369,0.9843260188087775,0.9662162162162162,1.0,0.975254730713246,0.9364161849710982,0.9828009828009828,0.9999357740769902,0.9998458772155151,0.9998230618466899,0.9999073194990732,0.9989273263609546,0.9999971501446301,1.0,1.0,0.9923922125668448,0.9974174948943142,0.999848327701384
37,0.3368050162249811,0.13418813318014144,0.9728260869565217,0.9993239424461464,0.9686923777222902,0.9687161695316013,0.9678999115014385,1.0,0.9893617021276596,0.9134615384615384,1.0,0.8918918918918919,0.9874213836477987,0.9512195121951219,0.9971264367816092,1.0,0.9545454545454546,0.9705882352941176,0.9528795811518325,0.9117647058823529,0.9895833333333334,0.9455445544554455,1.0,1.0,1.0,1.0,0.9517045454545454,0.9385474860335196,0.9658536585365853,0.9758713136729222,0.9489795918367347,0.95,0.9720101781170484,0.9428571428571428,0.9936708860759493,0.975,0.9985611510791367,0.975254730713246,0.9464788732394366,0.9682151589242054,0.999847760775088,0.9998159088963096,0.9997776930894309,0.9999638319996383,0.9994435505497453,0.9999943002892604,1.0,1.0,0.9948794006238859,0.9991063472068301,0.999734573477422
38,0.3294152362517893,0.13827533448735874,0.9653010033444817,0.9988141119395556,0.9653013017847617,0.9550705109595632,0.959511432973397,0.994535519125683,0.979381443298969,0.9473684210526315,0.9948453608247423,0.9416058394160584,0.9806451612903225,0.9265658747300216,0.9971264367816092,1.0,0.9433962264150944,0.9128440366972477,0.9528795811518325,0.9313725490196079,0.9375,0.9554455445544554,0.9772727272727273,0.9681528662420382,1.0,1.0,0.9744318181818182,0.8379888268156425,0.9707317073170731,0.9732620320855615,0.9547738693467337,0.9424083769633508,0.9747474747474747,0.9591078066914498,0.9743589743589743,0.9618834080717489,0.9985611510791367,0.9870503597122302,0.8875739644970414,0.9408983451536643,0.9995551760147101,0.9996789108656563,0.9993557636469221,0.9999389664993897,0.9997083668543845,0.9998489576653985,0.9999287518390931,1.0,0.9978762811942958,0.9922752046692096,0.9987888520860518
39,0.32990033344885866,0.17087910518050195,0.9535953177257525,0.9990408791306422,0.947558818576767,0.9420749898793165,0.9411767531865991,1.0,1.0,0.8135593220338984,1.0,0.8048780487804879,0.9810126582278481,0.9225806451612903,1.0,1.0,0.9526627218934911,0.9484536082474226,0.9267015706806283,0.7843137254901961,1.0,0.9158415841584159,1.0,0.9872611464968153,1.0,1.0,0.9517045454545454,0.8994413407821229,0.8975609756097561,0.9619565217391305,0.8791208791208791,0.897196261682243,0.9560723514211886,0.8918918918918919,0.9841269841269841,0.959731543624161,1.0,0.975254730713246,0.9252873563218391,0.9223057644110275,0.999914365435987,0.9999015326654679,0.9998820412311267,0.9998191599981916,0.999383212657549,0.9999715014463016,0.9999988125306516,1.0,0.9934923685383243,0.9989245873166939,0.9981620886167709
40,0.319588560817715,0.2274697770178318,0.9515050167224081,0.9970372906881454,0.958619024961825,0.9445321253371103,0.9493763872890955,0.9945652173913043,1.0,0.9696969696969697,1.0,0.8913043478260869,0.9230769230769231,0.8631790744466801,1.0,1.0,0.948905109489051,0.9540816326530612,0.9581151832460733,0.9705882352941176,1.0,0.9455445544554455,0.9318181818181818,0.9936305732484076,1.0,1.0,0.9517045454545454,0.7262569832402235,0.9121951219512195,0.976,0.9850746268656716,0.9846153846153847,0.9720101781170484,0.9111111111111111,0.9570552147239264,0.9265658747300216,1.0,0.975254730713246,0.8227848101265823,0.9326683291770573,0.9998525182508665,0.999995718811542,0.9999954631242741,0.9999864369998644,0.9985083132207027,0.9998432579546587,0.9996888830307068,0.9999999999999999,0.9937973484848485,0.9780954087956639,0.9976468488964726
41,0.3315301403752385,0.16482213348150254,0.9594481605351171,0.9990318500382016,0.9558030840799426,0.951098525376758,0.9524461548229262,1.0,0.9895833333333334,0.9306930693069307,1.0,0.9015151515151515,0.9181286549707602,0.9326086956521739,1.0,1.0,0.9101123595505618,0.9311926605504587,0.8900523560209425,0.9313725490196079,0.9791666666666666,0.9158415841584159,0.9015151515151515,1.0,1.0,1.0,0.9488636363636364,0.9050279329608939,0.9902439024390244,0.9418282548476454,0.9595959595959596,0.9543147208121827,0.9560723514211886,0.9015151515151515,0.9573170731707317,0.9651293588301463,1.0,0.9737609329446064,0.907563025210084,0.9598108747044918,0.998832039696378,0.9998715643462625,0.9997141768292682,0.9998824539988245,0.998156342182891,0.9999971501446301,1.0,1.0,0.9950771501782532,0.9981495833406963,0.9996698897030123
42,0.3147198607187383,0.1508559438586235,0.955267558528428,0.9992133798066182,0.9625219795837576,0.9473382965169563,0.9535367601127227,1.0,0.9107142857142857,1.0,0.9887005649717514,0.9552238805970149,1.0,0.8737270875763747,0.9971264367816092,0.9970326409495549,0.9345238095238095,0.9306930693069307,0.9528795811518325,1.0,0.8958333333333334,0.8663366336633663,0.9696969696969697,0.9872611464968153,1.0,1.0,0.9545454545454546,0.8770949720670391,0.9170731707317074,0.9758713136729222,0.9532710280373832,0.945054945054945,0.9234828496042217,0.9624060150375939,0.9935897435897436,0.9326086956521739,0.9985611510791367,0.9753265602322206,0.9048991354466859,0.9238329238329238,0.999847760775088,0.9998116277078517,0.9998321355981418,0.9997129164971291,0.9996010994904801,0.9999658017355618,1.0,1.0,0.9974473596256684,0.9976043036702876,0.997524172772592
43,0.31292751074094516,0.1383844461540381,0.9661371237458194,0.999178591303017,0.9661727928277641,0.959404356699186,0.9621946078754985,0.9787234042553191,0.9895833333333334,0.9693877551020408,0.995,0.9318181818181818,0.9457831325301205,0.93058568329718,1.0,1.0,0.96875,0.9182692307692307,0.9633507853403142,0.9313725490196079,0.9895833333333334,0.9851485148514851,0.9318181818181818,1.0,1.0,1.0,0.9545454545454546,0.8659217877094972,0.9317073170731708,0.9709762532981531,0.9595959595959596,0.979381443298969,0.9900497512437811,0.9318181818181818,0.9721362229102167,0.9640449438202248,1.0,0.9767441860465116,0.9144542772861357,0.9249394673123487,0.9998430032993095,0.9998630019693466,0.9999137993612079,0.9999819159998191,0.9990312416197372,0.9999629518801921,0.9999976250613032,1.0,0.9967120655080213,0.9978113079896094,0.9978475916446407
44,0.28975537662772155,0.11128816743691762,0.9740802675585284,0.9993665470259091,0.9712839989690206,0.9706206775426819,0.9705848409708147,1.0,0.9797979797979798,0.9494949494949495,0.9950248756218906,0.9295774647887324,1.0,0.9533333333333334,1.0,1.0,0.9157303370786517,0.9611650485436893,0.9319371727748691,0.9509803921568627,0.9791666666666666,0.9900990099009901,1.0,0.9936305732484076,1.0,1.0,0.9545454545454546,0.9106145251396648,0.9658536585365853,0.964769647696477,0.9651741293532339,0.9641025641025641,0.9925558312655087,0.9635036496350365,0.9968051118210862,0.9761092150170648,1.0,0.9767441860465116,0.9131652661064426,0.9635036496350365,0.9998049434930815,0.9999015326654679,0.9998956518583042,1.0,0.9996446768570663,1.0,0.9999988125306516,1.0,0.9959085338680926,0.9984020276325521,0.9994758383797829
45,0.277457872306889,0.13024218971530596,0.9740802675585284,0.9991431634345589,0.9770573037611474,0.9727323567621409,0.9744796742749837,1.0,0.9900990099009901,0.979381443298969,0.9895833333333334,0.9428571428571428,0.9936708860759493,0.9265658747300216,1.0,1.0,0.9644970414201184,0.9609756097560975,0.9633507853403142,0.9803921568627451,0.9895833333333334,0.9405940594059405,1.0,1.0,1.0,1.0,0.9545454545454546,0.9106145251396648,0.9609756097560975,0.9813333333333333,0.9852216748768473,0.9844559585492227,0.9644670050761421,0.9705882352941176,0.9968253968253968,0.9618834080717489,1.0,0.9767441860465116,0.9367816091954023,0.9609756097560975,0.9999666976695505,0.9999785940577104,0.9999727787456446,0.9999344454993444,0.9996714936980423,1.0,1.0,1.0,0.9927988524955436,0.9989902228325764,0.9992617127817369
46,0.2793661669705123,0.1155620298286279,0.9782608695652174,0.999314655854959,0.977505993691482,0.9769779341804896,0.9769756620162146,1.0,0.98989898989899,0.9595959595959596,0.9900990099009901,0.9496402877697842,1.0,0.9533333333333334,1.0,1.0,0.9482758620689655,0.9617224880382775,0.9581151832460733,0.9607843137254902,0.9895833333333334,0.9900990099009901,1.0,1.0,1.0,0.9913544668587896,0.9545454545454546,0.9217877094972067,0.9804878048780488,0.9786096256684492,0.9751243781094527,0.9743589743589743,0.9900990099009901,0.974169741697417,1.0,0.9761092150170648,0.9956584659913169,0.9767441860465116,0.9348441926345609,0.9710144927536232,0.9999048504844299,0.9999571881154208,0.999954631242741,0.9999728739997288,0.9997485921158488,1.0,1.0,1.0,0.9948863636363638,0.9984828098059461,0.9995539050040705
47,0.27741037513119077,0.12227058902382851,0.9807692307692307,0.9989869218796841,0.9787594254379381,0.9806073444816948,0.9793490430740605,1.0,0.9807692307692307,1.0,1.0,0.9295774647887324,1.0,0.975,1.0,1.0,0.9281767955801105,0.9528301886792453,0.9319371727748691,1.0,0.9791666666666666,1.0,1.0,1.0,1.0,0.9971181556195965,0.9545454545454546,0.9385474860335196,0.9853658536585366,0.964769647696477,0.9902912621359223,0.9894736842105263,1.0,0.9635036496350365,1.0,0.9873417721518988,0.9985569985569985,0.9767441860465116,0.9333333333333333,0.9688249400479616,0.9999191229117653,0.999952906926963,0.9999546312427411,1.0,0.9995206489675516,1.0,1.0,1.0,0.9909717580213904,0.9989296362025311,0.9996074364035821
48,0.2737601744390004,0.1063481152554353,0.9778428093645485,0.9992523076781176,0.9761016038815863,0.9775304357385207,0.9764144559031345,1.0,0.9901960784313726,0.9895833333333334,0.9900497512437811,0.891156462585034,0.9873417721518988,0.959731543624161,1.0,1.0,0.9441340782122905,0.9849246231155779,0.9528795811518325,0.9901960784313726,0.9895833333333334,0.9851485148514851,0.9924242424242424,0.9936305732484076,1.0,0.9913544668587896,0.9573863636363636,0.9441340782122905,0.9560975609756097,0.9758713136729222,0.9901960784313726,0.9895833333333334,0.9875930521091811,0.9390681003584229,0.9904761904761905,0.9794520547945206,0.9956584659913169,0.9782293178519593,0.9441340782122905,0.9702970297029703,0.9999381528148794,0.9999700316807946,0.9999637049941927,0.9999638319996383,0.9997016626441405,0.9999943002892604,1.0,0.9999957723554322,0.9932040998217468,0.9993739381561974,0.9996698897030123
49,0.263817487511917,0.1239048644900322,0.9753344481605352,0.9991567986385501,0.9748346465307599,0.9735579221606188,0.973559644708098,1.0,0.9714285714285714,1.0,1.0,0.8918918918918919,0.9936305732484076,0.9491150442477876,0.9971264367816092,1.0,0.9580838323353293,0.9619047619047619,0.9476439790575916,1.0,0.96875,0.9653465346534653,1.0,0.9936305732484076,1.0,1.0,0.9545454545454546,0.8938547486033519,0.9853658536585366,0.9731182795698925,0.9855072463768116,0.9841269841269841,0.982367758186398,0.9428571428571428,0.9936305732484076,0.9738933030646992,0.9985611510791367,0.9767441860465116,0.9248554913294798,0.9734939759036144,0.9999381528148795,0.9999571881154208,0.9999682418699187,1.0,0.9994234379190131,0.9999914504338905,1.0,1.0,0.9929436831550803,0.9989977961613322,0.9995048345545184
50,0.2613686163864947,0.11330704227089881,0.9786789297658863,0.9993036329394264,0.9753951469349228,0.9761578343665414,0.9754784956427982,0.994535519125683,0.9897959183673469,0.95,0.9950738916256158,0.9290780141843972,0.9936305732484076,0.9662162162162162,1.0,1.0,0.9542857142857143,0.9567307692307693,0.9528795811518325,0.9509803921568627,0.9895833333333334,1.0,0.9924242424242424,0.9936305732484076,1.0,1.0,0.9545454545454546,0.9329608938547486,0.9707317073170731,0.9732620320855615,0.97,0.9693877551020408,0.9975308641975309,0.9597069597069597,0.9936305732484076,0.9828178694158075,1.0,0.9767441860465116,0.943502824858757,0.9636803874092009,0.9997549899974072,0.9999614693038787,0.999959168118467,1.0,0.9994569589702333,0.9999886005785207,1.0,1.0,0.9945242869875223,0.9991896538231425,0.9995048345545183
51,0.2610323430393833,0.12354945048689842,0.9724080267558528,0.9992765564854093,0.9748378213449133,0.9712448251583209,0.97254898810355,1.0,0.9901960784313726,0.9895833333333334,0.9948979591836735,0.9166666666666666,1.0,0.9265658747300216,1.0,1.0,0.9257142857142857,0.9795918367346939,0.9424083769633508,0.9901960784313726,0.9895833333333334,0.9653465346534653,1.0,1.0,1.0,1.0,0.9545454545454546,0.9050279329608939,0.9365853658536586,0.9703504043126685,0.9901960784313726,0.9895833333333334,0.9798994974874372,0.9565217391304348,1.0,0.9618834080717489,1.0,0.9767441860465116,0.9152542372881356,0.9576059850374065,0.999752611259518,0.9999914376230842,0.9999909262485481,0.9999864369998643,0.9996748458031643,1.0,1.0,1.0,0.9956620432263814,0.9979072368205146,0.9990765833584262
52,0.26150454282209407,0.11466458439826965,0.9824414715719063,0.999100840978419,0.9799217933719102,0.9822891095355224,0.9807603904598696,1.0,0.9901960784313726,0.9895833333333334,0.9950738916256158,0.9041095890410958,1.0,0.975,1.0,1.0,0.9540229885057471,0.9711538461538461,0.9581151832460733,0.9901960784313726,0.9895833333333334,1.0,1.0,1.0,1.0,1.0,0.9545454545454546,0.9273743016759777,0.9853658536585366,0.9786096256684492,0.9901960784313726,0.9895833333333334,0.9975308641975309,0.9496402877697842,1.0,0.9873417721518988,1.0,0.9767441860465116,0.9405099150141643,0.9782082324455206,0.9997811561141889,0.9999785940577104,0.999959168118467,1.0,0.9989340305711988,1.0,1.0,1.0,0.9926261697860963,0.9991669338368756,0.9996631982780734
53,0.25577163770703,0.13353362600008647,0.9728260869565217,0.9992597674645548,0.9757042868689233,0.9711729799698674,0.9731061077322508,1.0,0.9902912621359223,1.0,1.0,0.9624060150375939,0.9751552795031055,0.9326086956521739,1.0,1.0,0.9244186046511628,0.9478672985781991,0.9476439790575916,1.0,0.9895833333333334,0.9603960396039604,0.9696969696969697,1.0,1.0,1.0,0.9517045454545454,0.888268156424581,0.975609756097561,0.9731182795698925,0.9951219512195122,0.9947643979057592,0.9797979797979798,0.9660377358490566,0.9874213836477987,0.9651293588301463,1.0,0.975254730713246,0.905982905982906,0.9615384615384616,0.9998739268918697,0.9999828752461684,0.9999863893728222,0.9999773949997739,0.9997787610619469,1.0,1.0,1.0,0.9954420120320857,0.9976926591724372,0.9991234233329989
54,0.26244585670797216,0.11259166563550631,0.9786789297658863,0.9992461203568972,0.9778311299259403,0.9776929403901075,0.9774263472579839,0.9945054945054945,0.9807692307692307,1.0,0.9950248756218906,0.9230769230769231,1.0,0.9618834080717489,1.0,1.0,0.9482758620689655,0.95260663507109,0.9476439790575916,1.0,0.9791666666666666,0.9900990099009901,1.0,0.9808917197452229,1.0,1.0,0.9545454545454546,0.9217877094972067,0.9804878048780488,0.9705093833780161,0.9902912621359223,0.9894736842105263,0.9925558312655087,0.96,0.9903536977491961,0.9805714285714285,1.0,0.9767441860465116,0.9348441926345609,0.9663461538461539,0.9998763056297589,0.9999871564346262,0.9999863893728222,1.0,0.9996748458031643,0.9999914504338905,1.0,1.0,0.9937625334224599,0.9988412807003815,0.9995873621287653
55,0.2471648416218937,0.09870590547720591,0.9811872909698997,0.9993742034989531,0.9790972162726164,0.9812197166273312,0.9798204849096295,1.0,0.9902912621359223,1.0,0.9901477832512315,0.9097222222222222,0.9631901840490797,0.9705882352941176,1.0,1.0,0.9707602339181286,0.9753694581280788,0.9685863874345549,1.0,0.9895833333333334,0.995049504950495,0.9924242424242424,1.0,1.0,1.0,0.9545454545454546,0.9273743016759777,0.9658536585365853,0.9840425531914894,0.9951219512195122,0.9947643979057592,0.9925925925925926,0.9492753623188406,0.98125,0.9850746268656716,1.0,0.9767441860465116,0.9485714285714286,0.9705882352941176,0.9999690764074398,0.9999871564346262,0.9999909262485481,0.9999954789999548,0.9996346205417002,0.9999857507231508,1.0,1.0,0.9945242869875223,0.9994951114162882,0.9995338307292537
56,0.24130321226086188,0.11318395977218945,0.9732441471571907,0.9993396556541584,0.9746197208181283,0.9706494659273219,0.9722310980829573,1.0,0.9711538461538461,0.9893617021276596,1.0,0.9424460431654677,0.9936708860759493,0.934640522875817,1.0,1.0,0.9378531073446328,0.9516908212560387,0.9267015706806283,0.9901960784313726,0.96875,0.9504950495049505,0.9924242424242424,1.0,1.0,1.0,0.9602272727272727,0.9273743016759777,0.9609756097560975,0.9619565217391305,0.9805825242718447,0.9789473684210527,0.9746192893401016,0.966789667896679,0.9968253968253968,0.9662162162162162,1.0,0.9797101449275363,0.9325842696629213,0.9563106796116505,0.9998025647551922,0.9999700316807946,0.999959168118467,0.9999796554997966,0.9994837758112094,0.9999971501446301,1.0,1.0,0.9959851270053477,0.9987453518694762,0.9988133873108278
57,0.23910055518995524,0.10390327498316765,0.979933110367893,0.9993817667726934,0.9777916459467707,0.979639816518424,0.9784180085665054,1.0,0.9900990099009901,0.979381443298969,1.0,0.9166666666666666,0.9936708860759493,0.9662162162162162,1.0,1.0,0.9438202247191011,0.9658536585365853,0.9528795811518325,0.9803921568627451,0.9895833333333334,1.0,1.0,1.0,1.0,0.9942363112391931,0.9545454545454546,0.9385474860335196,0.9658536585365853,0.9758713136729222,0.9852216748768473,0.9844559585492227,1.0,0.9565217391304348,0.9968253968253968,0.9828178694158075,0.9971098265895953,0.9767441860465116,0.9411764705882353,0.9658536585365853,0.9998644119403127,0.9999785940577104,0.9999818524970964,1.0,0.9997385358004828,1.0,1.0,1.0,0.9948961118538324,0.9992350937956765,0.9995048345545183
58,0.24246583415973935,0.09649107987682025,0.9836956521739131,0.9994434362642042,0.9810615090229535,0.9831846824064688,0.9819145340416344,1.0,0.9900990099009901,0.979381443298969,1.0,0.9290780141843972,0.98125,0.975,1.0,1.0,0.9657142857142857,0.9711538461538461,0.9685863874345549,0.9803921568627451,0.9895833333333334,1.0,0.9924242424242424,1.0,1.0,1.0,0.9545454545454546,0.9441340782122905,0.9853658536585366,0.9840425531914894,0.9852216748768473,0.9844559585492227,1.0,0.9597069597069597,0.9905362776025236,0.9873417721518988,1.0,0.9767441860465116,0.9548022598870056,0.9782082324455206,0.9999191229117654,0.9999828752461684,0.9999863893728222,1.0,0.9996446768570662,1.0,1.0,0.9999999999999999,0.9951593137254902,0.9994597692154285,0.9997256515775035
59,0.23517578690509172,0.10684686467051506,0.9774247491638796,0.9994218441574411,0.9768088200773852,0.9767142299313426,0.9764736637299619,1.0,0.9902912621359223,1.0,1.0,0.9214285714285714,0.9691358024691358,0.955456570155902,1.0,1.0,0.9378531073446328,0.9707317073170731,0.93717277486911,1.0,0.9895833333333334,0.9900990099009901,0.9772727272727273,1.0,1.0,0.9942363112391931,0.9573863636363636,0.9273743016759777,0.9707317073170731,0.9675675675675676,0.9951219512195122,0.9947643979057592,0.9950248756218906,0.9485294117647058,0.9843260188087775,0.9772209567198178,0.9971098265895953,0.9782293178519593,0.9325842696629213,0.9707317073170731,0.9998525182508664,0.9999914376230841,0.9999909262485481,0.9999999999999999,0.999393268972915,1.0,1.0,0.9999971815702882,0.996063112745098,0.9990053694900879,0.9993464708309634
60,0.2427068214298544,0.11656571224331856,0.9774247491638796,0.9991681892764717,0.9787138935461165,0.9770204634636525,0.9775664191859814,1.0,0.9901960784313726,0.9895833333333334,1.0,0.9290780141843972,0.9936708860759493,0.9428571428571428,1.0,1.0,0.9593023255813954,0.9611650485436893,0.9633507853403142,0.9901960784313726,0.9895833333333334,0.9752475247524752,0.9924242424242424,1.0,1.0,0.9942363112391931,0.9545454545454546,0.9217877094972067,0.9658536585365853,0.9813333333333333,0.9901960784313726,0.9895833333333334,0.9874686716791979,0.9597069597069597,0.9968253968253968,0.9705882352941176,0.9971098265895953,0.9767441860465116,0.9401709401709402,0.9635036496350365,0.999895335532873,0.9999828752461684,0.9999727787456446,0.9999977394999775,0.999393268972915,1.0,1.0,0.9999985907851441,0.9934436274509805,0.9991896538231424,0.9989762119843422
61,0.23946486973880104,0.11992613678177198,0.979933110367893,0.9992067412372001,0.9801581664079642,0.9794565722563562,0.9794543315861494,1.0,0.9807692307692307,1.0,1.0,0.9230769230769231,0.9936708860759493,0.9533333333333334,1.0,1.0,0.9647058823529412,0.966183574879227,0.9633507853403142,1.0,0.9791666666666666,0.9851485148514851,1.0,1.0,1.0,1.0,0.9545454545454546,0.9162011173184358,0.975609756097561,0.9813333333333333,0.9902912621359223,0.9894736842105263,0.9925187032418953,0.96,0.9968253968253968,0.9761092150170648,1.0,0.9767441860465116,0.9398280802292264,0.970873786407767,0.9998667906782019,0.9999743128692525,0.9999863893728222,0.9999977394999774,0.9994200858138911,1.0,1.0,1.0,0.9937903854723708,0.9990659561201333,0.9991724937825511
62,0.23375222405692064,0.11012114435434342,0.9795150501672241,0.9993426980747578,0.9781858717594816,0.9784587423000861,0.9780799333520754,1.0,0.9900990099009901,0.979381443298969,0.9950738916256158,0.9357142857142857,0.9936708860759493,0.9618834080717489,1.0,1.0,0.9382022471910112,0.9660194174757282,0.9424083769633508,0.9803921568627451,0.9895833333333334,1.0,0.9924242424242424,1.0,1.0,1.0,0.9545454545454546,0.9329608938547486,0.9707317073170731,0.9703504043126685,0.9852216748768473,0.9844559585492227,0.9975308641975309,0.9632352941176471,0.9968253968253968,0.9805714285714285,1.0,0.9767441860465116,0.9355742296918768,0.9683698296836983,0.9998215946583062,0.9999657504923366,0.9999637049941927,1.0,0.9997050147492625,1.0,1.0,1.0,0.9951161430481285,0.9990205161475991,0.9991769547325103
63,0.23229922940345935,0.11444203441341717,0.9820234113712375,0.9992583939930266,0.9803719138470445,0.9820263142723907,0.9808644827886414,1.0,0.9901960784313726,0.9895833333333334,1.0,0.9041095890410958,0.9936708860759493,0.9683972911963883,0.9971264367816092,1.0,0.9655172413793104,0.9754901960784313,0.9685863874345549,0.9901960784313726,0.9895833333333334,0.9900990099009901,1.0,1.0,1.0,1.0,0.9545454545454546,0.9385474860335196,0.9707317073170731,0.9840425531914894,0.9901960784313726,0.9895833333333334,0.9950248756218906,0.9496402877697842,0.9968253968253968,0.9839449541284404,0.9985611510791367,0.9767441860465116,0.9518413597733711,0.9731051344743277,0.9999262591254333,0.9999785940577105,0.9999773156213705,1.0,0.9996078037007241,1.0,1.0,1.0,0.9934714795008912,0.999353742612849,0.9995271393043148
64,0.23582157490800254,0.1156112453341484,0.9782608695652174,0.9992736406142828,0.9780186136362318,0.9783903503676922,0.977883350020381,1.0,0.9901960784313726,0.9895833333333334,1.0,0.9230769230769231,0.9874213836477987,0.9533333333333334,1.0,1.0,0.9444444444444444,0.9701492537313433,0.9476439790575916,0.9901960784313726,0.9895833333333334,0.9851485148514851,1.0,1.0,1.0,0.9942363112391931,0.9545454545454546,0.9497206703910615,0.9512195121951219,0.9731182795698925,0.9901960784313726,0.9895833333333334,0.9925187032418953,0.96,0.9936708860759493,0.9761092150170648,0.9971098265895953,0.9767441860465116,0.947075208913649,0.9605911330049262,0.9998334883477524,0.9999828752461684,0.9999909262485481,0.9999954789999548,0.9996614373826764,1.0,1.0,1.0,0.9941427139037433,0.9992350937956767,0.9991680328325917
65,0.22983787393452354,0.11536572083830833,0.9795150501672241,0.999253627434113,0.9787268759037283,0.979165138601844,0.9786005657540469,1.0,0.9901960784313726,0.9895833333333334,1.0,0.9103448275862069,0.9936708860759493,0.9575892857142857,1.0,1.0,0.9540229885057471,0.9705882352941176,0.9581151832460733,0.9901960784313726,0.9895833333333334,0.9851485148514851,1.0,1.0,1.0,1.0,0.9545454545454546,0.9273743016759777,0.9658536585365853,0.9786096256684492,0.9901960784313726,0.9895833333333334,0.9925187032418953,0.9530685920577617,0.9968253968253968,0.9783352337514253,1.0,0.9767441860465116,0.9405099150141643,0.9682151589242054,0.9999024717465407,0.9999914376230842,0.9999909262485481,0.9999999999999999,0.9996882542236525,1.0,1.0,1.0,0.9937277183600712,0.9991113960926673,0.9993776974806785
66,0.22892342858779005,0.11222006147106489,0.9774247491638796,0.999351162053867,0.9768899809648395,0.975968656015041,0.9760287095873275,1.0,0.99,0.9693877551020408,1.0,0.9166666666666666,0.9874213836477987,0.9470198675496688,1.0,1.0,0.9647058823529412,0.9705882352941176,0.9685863874345549,0.9705882352941176,0.9895833333333334,0.9702970297029703,1.0,1.0,1.0,1.0,0.9545454545454546,0.9162011173184358,0.9658536585365853,0.9840425531914894,0.9801980198019802,0.979381443298969,0.9849246231155779,0.9565217391304348,0.9936708860759493,0.9727891156462585,1.0,0.9767441860465116,0.9398280802292264,0.9682151589242054,0.999942910290658,0.9999871564346262,0.9999863893728222,0.9999977394999774,0.9996815500134084,1.0,1.0,1.0,0.9949183934937611,0.9991694582797941,0.9991791852074898
67,0.2341434794274858,0.11168740272521972,0.9828595317725752,0.9993812390525587,0.9812668799020897,0.9832760997011786,0.982000122454344,1.0,0.9902912621359223,1.0,1.0,0.9295774647887324,0.9936708860759493,0.975,1.0,1.0,0.9388888888888889,0.9665071770334929,0.9424083769633508,1.0,0.9895833333333334,1.0,1.0,1.0,1.0,1.0,0.9545454545454546,0.9441340782122905,0.9853658536585366,0.9703504043126685,0.9951219512195122,0.9947643979057592,1.0,0.9635036496350365,0.9968253968253968,0.9873417721518988,1.0,0.9767441860465116,0.9415041782729805,0.9758454106280193,0.9998667906782019,0.9999914376230843,0.9999909262485482,0.9999999999999999,0.9997485921158487,1.0,1.0,1.0,0.9946941844919786,0.9992451915673508,0.9996565068531343
68,0.23086260202192643,0.1186065781613191,0.9820234113712375,0.9991459642755918,0.9815236419457992,0.9824669382078361,0.9817228942483154,1.0,0.9902912621359223,1.0,1.0,0.9230769230769231,0.9936708860759493,0.9640449438202248,1.0,1.0,0.9548022598870056,0.970873786407767,0.9581151832460733,1.0,0.9895833333333334,0.9851485148514851,1.0,1.0,1.0,1.0,0.9545454545454546,0.9441340782122905,0.975609756097561,0.9786096256684492,0.9951219512195122,0.9947643979057592,0.9925187032418953,0.96,0.9968253968253968,0.9816933638443935,1.0,0.9767441860465116,0.949438202247191,0.9732360097323601,0.9998881993192053,0.999995718811542,0.999995463124274,1.0,0.9993664521319389,1.0,1.0,1.0,0.9928684826203208,0.9992451915673509,0.9992460994568794
